Cluster,Feature_set_index,Feature_set_code,Model,train_rmse,val_rmse,train_r2,val_r2,overfit,bias,best_params,grid_best_score
all_data,1,G1,LR,0.4949733985042735,0.5179534835166268,0.027164760482342842,0.0328915192006779,-0.0057267587183350566,-0.022674151891735588,,
all_data,1,G1,RF,0.3665234501417168,0.4925048451488293,0.4665679476852861,0.12559085734994402,0.34097709033534207,-0.017696420155638874,"{'max_depth': 10, 'min_samples_leaf': 2, 'min_samples_split': 5, 'n_estimators': 50}",0.4532231529329653
all_data,1,G1,XGB,0.3729416073554447,0.4789580820690614,0.4477226247761009,0.17303203295593506,0.27469059182016586,-0.01856854364885579,"{'colsample_bytree': 1.0, 'learning_rate': 0.01, 'max_depth': 7, 'n_estimators': 200, 'subsample': 0.8}",0.4501831764766346
all_data,2,G1 + Physicochemical,LR,0.47172614256829204,0.532886846946934,0.11640049133478947,-0.023678723512146727,0.1400792148469362,-0.02157026372573533,,
all_data,2,G1 + Physicochemical,RF,0.24023584960058086,0.36761395568859934,0.7708334598333362,0.5128332319222572,0.258000227911079,-0.0191688625995746,"{'max_depth': 10, 'min_samples_leaf': 1, 'min_samples_split': 2, 'n_estimators': 100}",0.4121156814213663
all_data,2,G1 + Physicochemical,XGB,0.22144763946332724,0.3100662227274129,0.8052768053190444,0.6534207221393036,0.15185608317974086,-0.011402301725374186,"{'colsample_bytree': 0.8, 'learning_rate': 0.1, 'max_depth': 5, 'n_estimators': 100, 'subsample': 0.8}",0.405906038372466
all_data,3,G1 + Fps,LR,0.3772106204016418,0.4707466861922559,0.43500656792322456,0.2011445210128504,0.23386204691037416,-0.012426057533171338,,
all_data,3,G1 + Fps,RF,0.2945220372298591,0.348797609136441,0.6555619139466657,0.5614282296592586,0.0941336842874071,-0.018133063801238754,"{'max_depth': 10, 'min_samples_leaf': 1, 'min_samples_split': 2, 'n_estimators': 100}",0.40028488337738105
all_data,3,G1 + Fps,XGB,0.2318781367117604,0.30521518335244807,0.7865013273258038,0.6641804742451919,0.12232085308061191,-0.009145065717819029,"{'colsample_bytree': 0.8, 'learning_rate': 0.1, 'max_depth': 7, 'n_estimators': 100, 'subsample': 1.0}",0.398423052790976
all_data,4,G1 + PCs,LR,0.4558004545085926,0.5215220149799215,0.17505483134788768,0.019519485500566258,0.15553534584732143,-0.018825459550348412,,
all_data,4,G1 + PCs,RF,0.2425304296387267,0.3356443061471138,0.766434847231629,0.5938819954300323,0.17255285180159674,-0.014396759045480644,"{'max_depth': 10, 'min_samples_leaf': 1, 'min_samples_split': 2, 'n_estimators': 100}",0.4028840735370474
all_data,4,G1 + PCs,XGB,0.2719375714546483,0.3391722366789877,0.7063608183229713,0.5852997798281183,0.12106103849485295,-0.013790875910887943,"{'colsample_bytree': 1.0, 'learning_rate': 0.01, 'max_depth': 7, 'n_estimators': 200, 'subsample': 1.0}",0.40084580891849764
all_data,5,G1 + Physicochemical + Fps,LR,0.3758929239186031,0.47162949967248574,0.4389470164057524,0.1981454487236468,0.2408015676821056,-0.012268459843175717,,
all_data,5,G1 + Physicochemical + Fps,RF,0.2918629237116795,0.36032554823606056,0.66175340538687,0.5319591198707534,0.1297942855161166,-0.019485639866237473,"{'max_depth': 10, 'min_samples_leaf': 1, 'min_samples_split': 2, 'n_estimators': 100}",0.40685145282527335
all_data,5,G1 + Physicochemical + Fps,XGB,0.20068624602354135,0.31995818445647306,0.840077049354115,0.6309543226540371,0.20912272670007792,-0.013211221203667039,"{'colsample_bytree': 1.0, 'learning_rate': 0.1, 'max_depth': 7, 'n_estimators': 100, 'subsample': 1.0}",0.4034969848708432
all_data,6,G1 + Physicochemical + PCs,LR,0.44611948235902527,0.5285912911201349,0.20972552522250243,-0.0072416651633755436,0.21696719038587797,-0.019448554587414717,,
all_data,6,G1 + Physicochemical + PCs,RF,0.24387963559351825,0.3584440485597861,0.7638289554389555,0.5368342646957633,0.22699469074319212,-0.01864914459694513,"{'max_depth': 10, 'min_samples_leaf': 1, 'min_samples_split': 2, 'n_estimators': 100}",0.4087537750992532
all_data,6,G1 + Physicochemical + PCs,XGB,0.2682649082675348,0.3332052289573528,0.7142387688813576,0.5997629476289273,0.11447582125243028,-0.01444917478352386,"{'colsample_bytree': 1.0, 'learning_rate': 0.01, 'max_depth': 7, 'n_estimators': 200, 'subsample': 1.0}",0.3967722279058217
all_data,7,G1 + Fps + PCs,LR,0.3772106204016418,0.47074668619225574,0.43500656792322456,0.20114452101285096,0.2338620469103736,-0.01242605753317143,,
all_data,7,G1 + Fps + PCs,RF,0.2558144942029717,0.34327870716476017,0.7401481155478427,0.5751971644347906,0.16495095111305202,-0.01725909522936922,"{'max_depth': 10, 'min_samples_leaf': 1, 'min_samples_split': 2, 'n_estimators': 100}",0.40129594494488535
all_data,7,G1 + Fps + PCs,XGB,0.2798331998128937,0.3369646402833177,0.6890618196708467,0.590680593764451,0.09838122590639564,-0.014728230528787002,"{'colsample_bytree': 0.8, 'learning_rate': 0.01, 'max_depth': 7, 'n_estimators': 200, 'subsample': 1.0}",0.39754675321737815
all_data,8,G1 + Physicochemical + Fps + PCs,LR,0.3758929239186031,0.4716294996724889,0.4389470164057524,0.19814544872363593,0.24080156768211647,-0.012268459843176233,,
all_data,8,G1 + Physicochemical + Fps + PCs,RF,0.25523627827749734,0.359718775135624,0.7413214712107808,0.5335341150374805,0.20778735617330035,-0.019784838717310734,"{'max_depth': 10, 'min_samples_leaf': 1, 'min_samples_split': 2, 'n_estimators': 100}",0.40578899138781227
all_data,8,G1 + Physicochemical + Fps + PCs,XGB,0.17725070115313693,0.31470640332239846,0.8752468560648237,0.6429698977116138,0.23227695835320983,-0.010411635631283481,"{'colsample_bytree': 0.8, 'learning_rate': 0.1, 'max_depth': 7, 'n_estimators': 100, 'subsample': 1.0}",0.39311108271831996
all_data,9,G2,LR,0.48118460473033026,0.5372842425716728,0.08061159287474906,-0.04064327685090752,0.12125486972565658,-0.019579708956485406,,
all_data,9,G2,RF,0.3545190407893344,0.48163412003800454,0.5009377655342366,0.16376533509615288,0.33717243043808376,-0.01852819591877935,"{'max_depth': 10, 'min_samples_leaf': 1, 'min_samples_split': 5, 'n_estimators': 50}",0.4514096606330463
all_data,9,G2,XGB,0.3726131691215777,0.47108016587321483,0.4486949439289153,0.20001229241319374,0.24868265151572155,-0.021071927825786294,"{'colsample_bytree': 1.0, 'learning_rate': 0.01, 'max_depth': 7, 'n_estimators': 200, 'subsample': 0.8}",0.450878618094485
all_data,10,G2 + Physicochemical,LR,0.4566893168455107,0.5474509244122703,0.17183422173380924,-0.08039872268274406,0.2522329444165533,-0.022552105456467828,,
all_data,10,G2 + Physicochemical,RF,0.27702498666775854,0.38431667601565317,0.6952712284622602,0.4675582107921623,0.22771301767009788,-0.01648350440831192,"{'max_depth': 10, 'min_samples_leaf': 1, 'min_samples_split': 5, 'n_estimators': 100}",0.41249936248912306
all_data,10,G2 + Physicochemical,XGB,0.15616893010262903,0.33581060942083146,0.9031577556961886,0.5934794533084383,0.3096783023877503,-0.009890901117160865,"{'colsample_bytree': 0.8, 'learning_rate': 0.2, 'max_depth': 7, 'n_estimators': 100, 'subsample': 1.0}",0.40362316601159437
all_data,11,G2 + Fps,LR,0.37710052451138265,0.47014672540922336,0.43533632734100003,0.20317948611536263,0.2321568412256374,-0.0125545396809085,,
all_data,11,G2 + Fps,RF,0.29442590988781403,0.345328831935303,0.6557867155591062,0.5701080086961671,0.0856787068629391,-0.017840204503563096,"{'max_depth': 10, 'min_samples_leaf': 1, 'min_samples_split': 2, 'n_estimators': 100}",0.3991743413981068
all_data,11,G2 + Fps,XGB,0.2602448611176064,0.32035024889980995,0.7310695982318554,0.6300493397926821,0.10102025843917328,-0.012430543215046804,"{'colsample_bytree': 1.0, 'learning_rate': 0.1, 'max_depth': 5, 'n_estimators': 100, 'subsample': 0.8}",0.4020869259220758
all_data,12,G2 + PCs,LR,0.4464509319905149,0.5208343344414783,0.20855080186671338,0.02210350998991273,0.18644729187680065,-0.018281480338865255,,
all_data,12,G2 + PCs,RF,0.24251105250607444,0.33526520952862054,0.7664721674322985,0.5947988649540458,0.17167330247825274,-0.014463872204898101,"{'max_depth': 10, 'min_samples_leaf': 1, 'min_samples_split': 2, 'n_estimators': 100}",0.40206102157760526
all_data,12,G2 + PCs,XGB,0.27347790774936415,0.33932923274304644,0.7030248756129442,0.5849157780526584,0.11810909756028587,-0.015138763697949413,"{'colsample_bytree': 1.0, 'learning_rate': 0.01, 'max_depth': 7, 'n_estimators': 200, 'subsample': 0.8}",0.40319174454414775
all_data,13,G2 + Physicochemical + Fps,LR,0.3756773374863727,0.47039499415002944,0.4395903949716248,0.20233771546173396,0.23725267950989082,-0.01230658813468636,,
all_data,13,G2 + Physicochemical + Fps,RF,0.2919202046013133,0.36171944846827836,0.6616206241011926,0.5283309331574081,0.1332896909437845,-0.019870299316586147,"{'max_depth': 10, 'min_samples_leaf': 1, 'min_samples_split': 2, 'n_estimators': 100}",0.40759779437132804
all_data,13,G2 + Physicochemical + Fps,XGB,0.20489910517283255,0.3104102361867619,0.8332922848850266,0.652651247309058,0.1806410375759686,-0.011995327753358195,"{'colsample_bytree': 0.8, 'learning_rate': 0.1, 'max_depth': 7, 'n_estimators': 100, 'subsample': 1.0}",0.40206195216854784
all_data,14,G2 + Physicochemical + PCs,LR,0.4372636817330297,0.5247437223938695,0.24078917807435274,0.00736821258456033,0.2334209654897924,-0.019163906301667744,,
all_data,14,G2 + Physicochemical + PCs,RF,0.2432315164080817,0.3569680461535223,0.7650825541172952,0.5406408627275,0.2244416913897952,-0.017871829731974983,"{'max_depth': 10, 'min_samples_leaf': 1, 'min_samples_split': 2, 'n_estimators': 100}",0.4085078128558635
all_data,14,G2 + Physicochemical + PCs,XGB,0.16761272799531152,0.3225762941734999,0.8884448653729291,0.6248900606749848,0.26355480469794434,-0.010115129179719372,"{'colsample_bytree': 1.0, 'learning_rate': 0.1, 'max_depth': 7, 'n_estimators': 100, 'subsample': 1.0}",0.39699486488155156
all_data,15,G2 + Fps + PCs,LR,0.37710052451138265,0.47014672540922364,0.43533632734100003,0.20317948611536174,0.2321568412256383,-0.01255453968090854,,
all_data,15,G2 + Fps + PCs,RF,0.25634725244029877,0.3430107746588687,0.739064655536624,0.5758600314733051,0.16320462406331893,-0.017234969121005,"{'max_depth': 10, 'min_samples_leaf': 1, 'min_samples_split': 2, 'n_estimators': 100}",0.40102336431745284
all_data,15,G2 + Fps + PCs,XGB,0.27106607676119315,0.33179508758250714,0.7082398888037433,0.6031434261634299,0.10509646264031347,-0.01458706939768039,"{'colsample_bytree': 1.0, 'learning_rate': 0.01, 'max_depth': 7, 'n_estimators': 200, 'subsample': 1.0}",0.3959275097653246
all_data,16,G2 + Physicochemical + Fps + PCs,LR,0.3756773374863728,0.4703949941500309,0.43959039497162467,0.20233771546172907,0.2372526795098956,-0.012306588134685624,,
all_data,16,G2 + Physicochemical + Fps + PCs,RF,0.2558772679824339,0.36179258104495815,0.7400205708885161,0.5281401894117382,0.2118803814767779,-0.019700809439774446,"{'max_depth': 10, 'min_samples_leaf': 1, 'min_samples_split': 2, 'n_estimators': 100}",0.40569466991921327
all_data,16,G2 + Physicochemical + Fps + PCs,XGB,0.2680654626256054,0.33349482175416123,0.714663518030097,0.5990669433356255,0.11559657469447149,-0.01421578849711854,"{'colsample_bytree': 1.0, 'learning_rate': 0.01, 'max_depth': 7, 'n_estimators': 200, 'subsample': 1.0}",0.39175598167976844
all_data,17,G1 + G2,LR,0.46483755006836447,0.5256504760650004,0.1420183831765941,0.00393472633767411,0.13808365683892,-0.019172315345788876,,
all_data,17,G1 + G2,RF,0.32351391471497015,0.4763071867810247,0.5844134291506937,0.1821607603142228,0.40225266883647093,-0.013393397194889373,"{'max_depth': 10, 'min_samples_leaf': 1, 'min_samples_split': 5, 'n_estimators': 50}",0.42288737788819314
all_data,17,G1 + G2,XGB,0.3164849662307772,0.45105659701427525,0.6022760487875723,0.2665749260738942,0.33570112271367814,-0.016898800480862935,"{'colsample_bytree': 0.8, 'learning_rate': 0.1, 'max_depth': 5, 'n_estimators': 100, 'subsample': 1.0}",0.4272411258943336
all_data,18,G1 + G2 + Physicochemical,LR,0.4480994364348112,0.5403206662219855,0.20269521407271995,-0.052438756391710584,0.25513397046443054,-0.021900637881005734,,
all_data,18,G1 + G2 + Physicochemical,RF,0.2595826287599975,0.3662865947824452,0.7324365248959479,0.5163449521659167,0.2160915727300312,-0.0176609018259895,"{'max_depth': 10, 'min_samples_leaf': 1, 'min_samples_split': 2, 'n_estimators': 100}",0.40775599862270456
all_data,18,G1 + G2 + Physicochemical,XGB,0.17852457657944792,0.31234383505274865,0.8734472464621691,0.6483103787737634,0.22513686768840568,-0.008686879478878251,"{'colsample_bytree': 0.8, 'learning_rate': 0.1, 'max_depth': 7, 'n_estimators': 100, 'subsample': 1.0}",0.402954632452362
all_data,19,G1 + G2 + Fps,LR,0.37710052451138265,0.47014672540922314,0.43533632734100003,0.20317948611536352,0.2321568412256365,-0.01255453968090845,,
all_data,19,G1 + G2 + Fps,RF,0.2938611497579004,0.347507261359529,0.657105971019843,0.5646671471596283,0.09243882386021474,-0.017659216445116085,"{'max_depth': 10, 'min_samples_leaf': 1, 'min_samples_split': 2, 'n_estimators': 100}",0.3981800262820437
all_data,19,G1 + G2 + Fps,XGB,0.2285170006663537,0.3204858611810653,0.7926459100425635,0.6297360547415081,0.1629098553010554,-0.013139019320481173,"{'colsample_bytree': 0.8, 'learning_rate': 0.1, 'max_depth': 7, 'n_estimators': 100, 'subsample': 1.0}",0.39964442104456793
all_data,20,G1 + G2 + PCs,LR,0.4383338523388124,0.5134720086102752,0.23706840551591213,0.04955449275773827,0.18751391275817386,-0.01802023333817587,,
all_data,20,G1 + G2 + PCs,RF,0.24274207535857795,0.3349544444385877,0.7660270251368715,0.5955496974499745,0.17047732768689694,-0.01519317425468582,"{'max_depth': 10, 'min_samples_leaf': 1, 'min_samples_split': 2, 'n_estimators': 100}",0.3997221107946154
all_data,20,G1 + G2 + PCs,XGB,0.2781486770002282,0.33952019557234336,0.6927940854749752,0.5844484563263665,0.10834562914860868,-0.013735025965685928,"{'colsample_bytree': 0.8, 'learning_rate': 0.01, 'max_depth': 7, 'n_estimators': 200, 'subsample': 1.0}",0.40213541974782796
all_data,21,G1 + G2 + Physicochemical + Fps,LR,0.3756773374863728,0.470394994150031,0.43959039497162467,0.20233771546172885,0.23725267950989581,-0.01230658813468557,,
all_data,21,G1 + G2 + Physicochemical + Fps,RF,0.2912223955605992,0.36149375553045204,0.6632364216180493,0.5289193403753725,0.13431708124267683,-0.019237039849592925,"{'max_depth': 10, 'min_samples_leaf': 1, 'min_samples_split': 2, 'n_estimators': 100}",0.4069182676370029
all_data,21,G1 + G2 + Physicochemical + Fps,XGB,0.24806089277410234,0.33417026768586455,0.7556613441678992,0.5974412338713798,0.1582201102965194,-0.014273721125813854,"{'colsample_bytree': 1.0, 'learning_rate': 0.1, 'max_depth': 5, 'n_estimators': 100, 'subsample': 1.0}",0.40463034447307017
all_data,22,G1 + G2 + Physicochemical + PCs,LR,0.43083599772660663,0.5161675538709537,0.26294560320010574,0.039549298504414576,0.22339630469569116,-0.01843356405592863,,
all_data,22,G1 + G2 + Physicochemical + PCs,RF,0.24329308918007267,0.35780637590445036,0.7649636028452411,0.538480744323675,0.22648285852156613,-0.017994767322801922,"{'max_depth': 10, 'min_samples_leaf': 1, 'min_samples_split': 2, 'n_estimators': 100}",0.4079761354810187
all_data,22,G1 + G2 + Physicochemical + PCs,XGB,0.266258766528808,0.3326527579442853,0.7184967539559426,0.6010890736142174,0.11740768034172522,-0.014171093426050208,"{'colsample_bytree': 1.0, 'learning_rate': 0.01, 'max_depth': 7, 'n_estimators': 200, 'subsample': 1.0}",0.39608388548739093
all_data,23,G1 + G2 + Fps + PCs,LR,0.3771005245113827,0.4701467254092233,0.4353363273409999,0.20317948611536285,0.23215684122563707,-0.012554539680908432,,
all_data,23,G1 + G2 + Fps + PCs,RF,0.2560321054494778,0.34205759942386976,0.7397058361244395,0.5782139983327045,0.16149183779173504,-0.016991756015452688,"{'max_depth': 10, 'min_samples_leaf': 1, 'min_samples_split': 2, 'n_estimators': 100}",0.401168110980169
all_data,23,G1 + G2 + Fps + PCs,XGB,0.2834964660610977,0.3389839012137469,0.6808676173524392,0.5857602012071024,0.0951074161453368,-0.014154656759685698,"{'colsample_bytree': 0.8, 'learning_rate': 0.01, 'max_depth': 7, 'n_estimators': 200, 'subsample': 1.0}",0.3976807751804257
all_data,24,G1 + G2 + Physicochemical + Fps + PCs,LR,0.3756773374863728,0.4703949941500311,0.43959039497162467,0.2023377154617284,0.23725267950989626,-0.012306588134686536,,
all_data,24,G1 + G2 + Physicochemical + Fps + PCs,RF,0.2552477975576447,0.36109797339535776,0.7412981214134633,0.5299503028272206,0.21134781858624274,-0.019742042067150488,"{'max_depth': 10, 'min_samples_leaf': 1, 'min_samples_split': 2, 'n_estimators': 100}",0.4057787234316124
all_data,24,G1 + G2 + Physicochemical + Fps + PCs,XGB,0.26792905706440695,0.3342421106582017,0.714953832044751,0.5972681237538848,0.11768570829086622,-0.014068881133810043,"{'colsample_bytree': 1.0, 'learning_rate': 0.01, 'max_depth': 7, 'n_estimators': 200, 'subsample': 1.0}",0.39266813519868116
all_data,25,G1 + species,LR,0.48963485720445254,0.515810019720328,0.04803664462320367,0.04087938984294959,0.007157254780254085,-0.024583034568431302,,
all_data,25,G1 + species,RF,0.34515120023593976,0.48561579490326257,0.5269638280273912,0.1498818605304002,0.37708196749699097,-0.020033584764584913,"{'max_depth': 10, 'min_samples_leaf': 2, 'min_samples_split': 2, 'n_estimators': 50}",0.44286760216169974
all_data,25,G1 + species,XGB,0.3551438937326534,0.460940076225208,0.49917698382483777,0.23408140445080627,0.2650955793740315,-0.01989431036982342,"{'colsample_bytree': 1.0, 'learning_rate': 0.01, 'max_depth': 7, 'n_estimators': 200, 'subsample': 0.8}",0.44245710722146964
all_data,26,G1 + species + Physicochemical,LR,0.4680446122174988,0.5295588100945827,0.13013856645029542,-0.010932294621575078,0.1410708610718705,-0.023011166602912813,,
all_data,26,G1 + species + Physicochemical,RF,0.2076996272523072,0.3547789175615727,0.8287040835596868,0.5462576835701991,0.28244639998948773,-0.016658998956599946,"{'max_depth': 10, 'min_samples_leaf': 1, 'min_samples_split': 2, 'n_estimators': 100}",0.3967922024558665
all_data,26,G1 + species + Physicochemical,XGB,0.1323258834646098,0.30127668307953953,0.9304711285869265,0.6727913938810929,0.2576797347058336,-0.006192185683663464,"{'colsample_bytree': 0.8, 'learning_rate': 0.1, 'max_depth': 7, 'n_estimators': 100, 'subsample': 1.0}",0.3762751166838639
all_data,27,G1 + species + Fps,LR,0.37665696181835207,0.46899276803247947,0.4366639120015424,0.2070862174615139,0.22957769454002852,-0.012678991258814023,,
all_data,27,G1 + species + Fps,RF,0.2770248678529199,0.34011809338123933,0.6952714898559524,0.5829835883839221,0.11228790147203038,-0.018108986632087716,"{'max_depth': 10, 'min_samples_leaf': 1, 'min_samples_split': 2, 'n_estimators': 100}",0.39026968565128
all_data,27,G1 + species + Fps,XGB,0.18445729242119108,0.28818778090526836,0.864896302593184,0.7006048223158909,0.164291480277293,-0.009975957222749925,"{'colsample_bytree': 1.0, 'learning_rate': 0.1, 'max_depth': 7, 'n_estimators': 100, 'subsample': 0.8}",0.37400561293166906
all_data,28,G1 + species + PCs,LR,0.4523540943193101,0.5214703812314356,0.18748268135524415,0.019713622571280842,0.1677690587839633,-0.020315079250201644,,
all_data,28,G1 + species + PCs,RF,0.22117801533805745,0.3243983705194684,0.8057506880766032,0.6206404658983418,0.18511022217826145,-0.014339849056989956,"{'max_depth': 10, 'min_samples_leaf': 1, 'min_samples_split': 2, 'n_estimators': 100}",0.3921244665724402
all_data,28,G1 + species + PCs,XGB,0.1870289839165262,0.292111596797929,0.8611028276598198,0.6923964999930701,0.16870632766674976,-0.01022130632494803,"{'colsample_bytree': 1.0, 'learning_rate': 0.1, 'max_depth': 5, 'n_estimators': 100, 'subsample': 0.8}",0.3883144836712626
all_data,29,G1 + species + Physicochemical + Fps,LR,0.37545484664511836,0.46997993526749265,0.44025399146820765,0.2037447489365849,0.23650924253162275,-0.012461812181121773,,
all_data,29,G1 + species + Physicochemical + Fps,RF,0.27267066828842035,0.3504123883633576,0.7047754830332171,0.55735804176394,0.14741744126927714,-0.01907126927822104,"{'max_depth': 10, 'min_samples_leaf': 1, 'min_samples_split': 2, 'n_estimators': 100}",0.39579494568756
all_data,29,G1 + species + Physicochemical + Fps,XGB,0.1280447543679684,0.2991580787262923,0.9348972763326718,0.6773771331982827,0.2575201431343891,-0.010962113552506524,"{'colsample_bytree': 0.8, 'learning_rate': 0.1, 'max_depth': 7, 'n_estimators': 200, 'subsample': 1.0}",0.3829560527364644
all_data,30,G1 + species + Physicochemical + PCs,LR,0.4440896225234634,0.5279540836671135,0.2169007193868685,-0.0048147048470064124,0.2217154242338749,-0.020407410172801895,,
all_data,30,G1 + species + Physicochemical + PCs,RF,0.2288407300411121,0.3563894339241714,0.7920579961694768,0.5421288132943487,0.2499291828751281,-0.01956857224570241,"{'max_depth': 10, 'min_samples_leaf': 1, 'min_samples_split': 2, 'n_estimators': 50}",0.3959732981580529
all_data,30,G1 + species + Physicochemical + PCs,XGB,0.13478718928932318,0.29904913477942885,0.9278605528436413,0.677612068579237,0.2502484842644044,-0.005028284532212082,"{'colsample_bytree': 0.8, 'learning_rate': 0.1, 'max_depth': 7, 'n_estimators': 100, 'subsample': 1.0}",0.3758309343182072
all_data,31,G1 + species + Fps + PCs,LR,0.37665696181835207,0.46899276803247947,0.4366639120015423,0.2070862174615138,0.22957769454002852,-0.012678991258813868,,
all_data,31,G1 + species + Fps + PCs,RF,0.2393251238646493,0.3339807893700732,0.7725676911245141,0.5978976151815419,0.17467007594297213,-0.016610396277917716,"{'max_depth': 10, 'min_samples_leaf': 1, 'min_samples_split': 2, 'n_estimators': 100}",0.3921408562560242
all_data,31,G1 + species + Fps + PCs,XGB,0.14227511466895618,0.3048979891950261,0.9196226906094609,0.6648781108438934,0.2547445797655675,-0.0073760884982287675,"{'colsample_bytree': 1.0, 'learning_rate': 0.1, 'max_depth': 7, 'n_estimators': 100, 'subsample': 1.0}",0.38021786971030797
all_data,32,G1 + species + Physicochemical + Fps + PCs,LR,0.37545484664511836,0.46997993526749415,0.44025399146820765,0.2037447489365798,0.23650924253162786,-0.01246181218112201,,
all_data,32,G1 + species + Physicochemical + Fps + PCs,RF,0.24073996340011292,0.3512521258816161,0.7698706790820695,0.5552339819340504,0.21463669714801914,-0.01925723598806673,"{'max_depth': 10, 'min_samples_leaf': 1, 'min_samples_split': 2, 'n_estimators': 100}",0.39725906840675723
all_data,32,G1 + species + Physicochemical + Fps + PCs,XGB,0.13815555446983896,0.2979608190820134,0.924209935624911,0.6799543018223979,0.24425563380251314,-0.0074700014029245075,"{'colsample_bytree': 0.8, 'learning_rate': 0.1, 'max_depth': 7, 'n_estimators': 100, 'subsample': 1.0}",0.37966891224842
all_data,33,G2 + species,LR,0.4774424150404375,0.5350842406768551,0.0948562184881735,-0.03213854212963008,0.12699476061780357,-0.02134283369964518,,
all_data,33,G2 + species,RF,0.34744542826131963,0.47047533361916377,0.5206543631180434,0.20206522430954654,0.3185891388084968,-0.016332882202588928,"{'max_depth': 10, 'min_samples_leaf': 2, 'min_samples_split': 5, 'n_estimators': 50}",0.43965650183044175
all_data,33,G2 + species,XGB,0.3630859094539948,0.46546636984265294,0.4765269038200004,0.21896536675201217,0.25756153706798823,-0.018206639219044456,"{'colsample_bytree': 1.0, 'learning_rate': 0.01, 'max_depth': 7, 'n_estimators': 200, 'subsample': 0.8}",0.44132909881188637
all_data,34,G2 + species + Physicochemical,LR,0.45484103896740186,0.5447438940511751,0.17852403471983447,-0.06974044787431777,0.24826448259415224,-0.023501870226653024,,
all_data,34,G2 + species + Physicochemical,RF,0.23266888759844162,0.3617477581452167,0.7850426979837025,0.5282571006804229,0.25678559730327966,-0.016816718588749446,"{'max_depth': 10, 'min_samples_leaf': 1, 'min_samples_split': 2, 'n_estimators': 100}",0.39621084677328394
all_data,34,G2 + species + Physicochemical,XGB,0.1312927291546827,0.2913341423262265,0.931552604465788,0.6940316933479949,0.23752091111779317,-0.009200496376161023,"{'colsample_bytree': 0.8, 'learning_rate': 0.1, 'max_depth': 7, 'n_estimators': 100, 'subsample': 0.8}",0.37642938078553584
all_data,35,G2 + species + Fps,LR,0.3765899360482213,0.46853530753802797,0.4368643844709955,0.20863229600254585,0.22823208846844967,-0.012770831822926591,,
all_data,35,G2 + species + Fps,RF,0.2757148629020657,0.3365982639529978,0.6981466973730864,0.5915702029210859,0.10657649445200057,-0.018289982155650374,"{'max_depth': 10, 'min_samples_leaf': 1, 'min_samples_split': 2, 'n_estimators': 100}",0.38912888052236116
all_data,35,G2 + species + Fps,XGB,0.18791838119794557,0.2817540277349418,0.859778663956584,0.7138235174565641,0.14595514650001984,-0.009262599116690471,"{'colsample_bytree': 1.0, 'learning_rate': 0.1, 'max_depth': 7, 'n_estimators': 100, 'subsample': 0.8}",0.3852214528603974
all_data,36,G2 + species + PCs,LR,0.443780553501067,0.5232004805184033,0.21799035307572212,0.013198176060796096,0.20479217701492602,-0.01941942450836056,,
all_data,36,G2 + species + PCs,RF,0.22073154451103505,0.32566631281329006,0.8065341214339212,0.6176691437783874,0.18886497765553378,-0.014682079635697017,"{'max_depth': 10, 'min_samples_leaf': 1, 'min_samples_split': 2, 'n_estimators': 100}",0.39143895218935115
all_data,36,G2 + species + PCs,XGB,0.13894548575816396,0.3069930091323289,0.923340768987413,0.6602568987662925,0.26308387022112056,-0.006274606256003745,"{'colsample_bytree': 0.8, 'learning_rate': 0.1, 'max_depth': 7, 'n_estimators': 100, 'subsample': 1.0}",0.38129045957324764
all_data,37,G2 + species + Physicochemical + Fps,LR,0.375296746803954,0.46895647559063014,0.44072529779729086,0.2072089300740637,0.23351636772322715,-0.012482437827310023,,
all_data,37,G2 + species + Physicochemical + Fps,RF,0.27218387685436973,0.3504982307605747,0.7058286544921129,0.5571411424630891,0.14868751202902375,-0.01990127554680323,"{'max_depth': 10, 'min_samples_leaf': 1, 'min_samples_split': 2, 'n_estimators': 100}",0.396157749754797
all_data,37,G2 + species + Physicochemical + Fps,XGB,0.12309574264111176,0.293680863036146,0.9398325450908293,0.6890826405516886,0.2507499045391407,-0.008263751035267313,"{'colsample_bytree': 0.8, 'learning_rate': 0.2, 'max_depth': 7, 'n_estimators': 100, 'subsample': 1.0}",0.3782250692001607
all_data,38,G2 + species + Physicochemical + PCs,LR,0.4351850366222549,0.5254510035737836,0.2479902281784051,0.00469055147952524,0.24329967669887986,-0.020000275563204738,,
all_data,38,G2 + species + Physicochemical + PCs,RF,0.2257774136604271,0.34693877367998704,0.797587856892671,0.5660903055408082,0.23149755135186278,-0.017466317169018513,"{'max_depth': 10, 'min_samples_leaf': 1, 'min_samples_split': 2, 'n_estimators': 100}",0.3982391546428712
all_data,38,G2 + species + Physicochemical + PCs,XGB,0.12486821064448991,0.30527705988302517,0.9380873558321889,0.6640442984938237,0.2740430573383652,-0.007650224040481741,"{'colsample_bytree': 1.0, 'learning_rate': 0.1, 'max_depth': 7, 'n_estimators': 100, 'subsample': 1.0}",0.3820493889930597
all_data,39,G2 + species + Fps + PCs,LR,0.37658993604822133,0.46853530753802786,0.4368643844709954,0.2086322960025463,0.2282320884684491,-0.012770831822926633,,
all_data,39,G2 + species + Fps + PCs,RF,0.23918206489091057,0.3327877657044139,0.772839509709618,0.6007652103774305,0.17207429933218754,-0.0164734252403195,"{'max_depth': 10, 'min_samples_leaf': 1, 'min_samples_split': 2, 'n_estimators': 100}",0.3928148792178517
all_data,39,G2 + species + Fps + PCs,XGB,0.16842380016089828,0.30341417297067547,0.887362630405244,0.6681319815355165,0.21923064886972754,-0.008353027910348927,"{'colsample_bytree': 0.8, 'learning_rate': 0.1, 'max_depth': 7, 'n_estimators': 100, 'subsample': 1.0}",0.3767857594321416
all_data,40,G2 + species + Physicochemical + Fps + PCs,LR,0.375296746803954,0.46895647559062564,0.44072529779729086,0.2072089300740788,0.23351636772321205,-0.012482437827308646,,
all_data,40,G2 + species + Physicochemical + Fps + PCs,RF,0.24113992766819697,0.35066532803130007,0.769105372280217,0.5567187828646989,0.21238658941551813,-0.018247696255213414,"{'max_depth': 10, 'min_samples_leaf': 1, 'min_samples_split': 2, 'n_estimators': 100}",0.39803437194198543
all_data,40,G2 + species + Physicochemical + Fps + PCs,XGB,0.13286760476882667,0.2977806449468867,0.9299006828395823,0.6803412421095045,0.24955944073007774,-0.007763987354032547,"{'colsample_bytree': 1.0, 'learning_rate': 0.1, 'max_depth': 7, 'n_estimators': 100, 'subsample': 1.0}",0.3833376626332332
all_data,41,G1 + G2 + species,LR,0.4628457599651628,0.5244570371596274,0.14935538942577142,0.008452532904971943,0.14090285652079948,-0.020484909034637424,,
all_data,41,G1 + G2 + species,RF,0.3064959458705386,0.45326259517413503,0.6269860754590729,0.25938340812206606,0.36760266733700686,-0.01247125127140948,"{'max_depth': 10, 'min_samples_leaf': 1, 'min_samples_split': 5, 'n_estimators': 50}",0.4129029878782558
all_data,41,G1 + G2 + species,XGB,0.3096638380765395,0.434147412194745,0.6192354041445504,0.3205334074767192,0.29870199666783115,-0.014211582446523832,"{'colsample_bytree': 0.8, 'learning_rate': 0.1, 'max_depth': 5, 'n_estimators': 100, 'subsample': 1.0}",0.4170253414362853
all_data,42,G1 + G2 + species + Physicochemical,LR,0.44683588220751375,0.5384143674225998,0.20718536675063326,-0.04502566365881577,0.25221103040944903,-0.022728838430519396,,
all_data,42,G1 + G2 + species + Physicochemical,RF,0.22896913832506174,0.3539153603148464,0.7918245677295076,0.5484638777492308,0.24336068998027682,-0.01600521432777558,"{'max_depth': 10, 'min_samples_leaf': 1, 'min_samples_split': 2, 'n_estimators': 100}",0.39367281220452455
all_data,42,G1 + G2 + species + Physicochemical,XGB,0.12968184768632976,0.2923307922302739,0.933221915880395,0.6919346862185376,0.24128722966185745,-0.009064068832748897,"{'colsample_bytree': 0.8, 'learning_rate': 0.1, 'max_depth': 7, 'n_estimators': 100, 'subsample': 0.8}",0.3758009243279414
all_data,43,G1 + G2 + species + Fps,LR,0.3765899360482213,0.46853530753802797,0.4368643844709955,0.20863229600254574,0.22823208846844978,-0.012770831822926827,,
all_data,43,G1 + G2 + species + Fps,RF,0.2744218011599756,0.3388097755178232,0.7009713524799797,0.5861856566198695,0.11478569586011012,-0.017845280538634864,"{'max_depth': 10, 'min_samples_leaf': 1, 'min_samples_split': 2, 'n_estimators': 100}",0.3877074671396687
all_data,43,G1 + G2 + species + Fps,XGB,0.18469234973651094,0.29471082603508586,0.8645517529543932,0.686897990758244,0.17765376219614926,-0.010621807045395908,"{'colsample_bytree': 1.0, 'learning_rate': 0.1, 'max_depth': 7, 'n_estimators': 100, 'subsample': 0.8}",0.3811295175747113
all_data,44,G1 + G2 + species + PCs,LR,0.4364551073643451,0.5150800925561267,0.24359439997705534,0.043591988706740525,0.20000241127031482,-0.018868080847927664,,
all_data,44,G1 + G2 + species + PCs,RF,0.22124691034768287,0.32524134890181455,0.8056296553192756,0.6186663043766236,0.18696335094265193,-0.01457095650757851,"{'max_depth': 10, 'min_samples_leaf': 1, 'min_samples_split': 2, 'n_estimators': 100}",0.3913819764592983
all_data,44,G1 + G2 + species + PCs,XGB,0.14969594606774214,0.31526286754140803,0.9110193335445306,0.6417061793814418,0.26931315416308876,-0.005439664686110639,"{'colsample_bytree': 0.8, 'learning_rate': 0.1, 'max_depth': 7, 'n_estimators': 100, 'subsample': 1.0}",0.3795761497549512
all_data,45,G1 + G2 + species + Physicochemical + Fps,LR,0.3752967468039539,0.4689564755906283,0.4407252977972912,0.20720893007406993,0.23351636772322126,-0.012482437827309243,,
all_data,45,G1 + G2 + species + Physicochemical + Fps,RF,0.2714699842329949,0.3497408272585014,0.7073697549362005,0.5590530518932477,0.14831670304295275,-0.019657271263394706,"{'max_depth': 10, 'min_samples_leaf': 1, 'min_samples_split': 2, 'n_estimators': 100}",0.3950387037126501
all_data,45,G1 + G2 + species + Physicochemical + Fps,XGB,0.11290141167939097,0.2904931640782672,0.9493855735334747,0.6957955875706958,0.25358998596277893,-0.009293276150839849,"{'colsample_bytree': 1.0, 'learning_rate': 0.1, 'max_depth': 7, 'n_estimators': 200, 'subsample': 0.8}",0.3831783441703472
all_data,46,G1 + G2 + species + Physicochemical + PCs,LR,0.4290725937123779,0.5161444904850367,0.2689667565575584,0.039635126256027386,0.22933163030153103,-0.019108293738563466,,
all_data,46,G1 + G2 + species + Physicochemical + PCs,RF,0.22572053332219352,0.3462830636766701,0.7976898318484535,0.5677289235341008,0.22996090831435279,-0.01754772919130495,"{'max_depth': 10, 'min_samples_leaf': 1, 'min_samples_split': 2, 'n_estimators': 100}",0.397360522961484
all_data,46,G1 + G2 + species + Physicochemical + PCs,XGB,0.12914450494883237,0.30456986501052297,0.9337741655330966,0.6655990236174507,0.26817514191564584,-0.008031333914287354,"{'colsample_bytree': 1.0, 'learning_rate': 0.1, 'max_depth': 7, 'n_estimators': 100, 'subsample': 1.0}",0.3811820013051314
all_data,47,G1 + G2 + species + Fps + PCs,LR,0.3765899360482214,0.4685353075380281,0.4368643844709953,0.2086322960025454,0.2282320884684499,-0.012770831822926673,,
all_data,47,G1 + G2 + species + Fps + PCs,RF,0.23905806545021369,0.33470183474534093,0.7730749828186169,0.5961595089807855,0.17691547383783135,-0.01638850617458547,"{'max_depth': 10, 'min_samples_leaf': 1, 'min_samples_split': 2, 'n_estimators': 100}",0.39381639556535625
all_data,47,G1 + G2 + species + Fps + PCs,XGB,0.1420769196804011,0.3060628446602651,0.9198464723174575,0.6623125690899965,0.25753390322746106,-0.006021368533035602,"{'colsample_bytree': 1.0, 'learning_rate': 0.1, 'max_depth': 7, 'n_estimators': 100, 'subsample': 1.0}",0.38380573986955885
all_data,48,G1 + G2 + species + Physicochemical + Fps + PCs,LR,0.375296746803954,0.46895647559062786,0.44072529779729086,0.20720893007407148,0.23351636772321938,-0.0124824378273097,,
all_data,48,G1 + G2 + species + Physicochemical + Fps + PCs,RF,0.24129182176833633,0.3538517557193914,0.768814399500827,0.5486261605710234,0.22018823892980355,-0.01881280132132161,"{'max_depth': 10, 'min_samples_leaf': 1, 'min_samples_split': 2, 'n_estimators': 100}",0.3971389806814118
all_data,48,G1 + G2 + species + Physicochemical + Fps + PCs,XGB,0.1319990151494537,0.29329780459570415,0.9308142015348887,0.6898931928274321,0.24092100870745659,-0.007794558576347561,"{'colsample_bytree': 1.0, 'learning_rate': 0.1, 'max_depth': 7, 'n_estimators': 100, 'subsample': 1.0}",0.3792643045178698
all_data,49,Concentration,LR,0.5005943645120001,0.5313273759063766,0.004944079720766381,-0.01769598463116928,0.022640064351935663,-0.023008923063828225,,
all_data,49,Concentration,RF,0.42343652438489565,0.5144002841657495,0.28804555126466613,0.046114878434203255,0.24193067283046288,-0.023624123971102563,"{'max_depth': 10, 'min_samples_leaf': 2, 'min_samples_split': 5, 'n_estimators': 50}",0.4771646100277314
all_data,49,Concentration,XGB,0.4409167974530601,0.5129275115131211,0.2280505462915322,0.051569170944402054,0.17648137534713015,-0.024591067382594835,"{'colsample_bytree': 0.8, 'learning_rate': 0.01, 'max_depth': 7, 'n_estimators': 100, 'subsample': 0.8}",0.47638037420364876
all_data,50,Physicochemical,LR,0.4766212834785079,0.5471291722817766,0.09796697266280296,-0.07912913513739306,0.17709610780019602,-0.023739315674152765,,
all_data,50,Physicochemical,RF,0.37190248867254827,0.4921966702757792,0.45079593293288767,0.12668480239926627,0.3241111305336214,-0.01785227818347299,"{'max_depth': 10, 'min_samples_leaf': 2, 'min_samples_split': 5, 'n_estimators': 100}",0.4628990905342974
all_data,50,Physicochemical,XGB,0.38445298242714865,0.4874579040623533,0.4131027909639504,0.1434200417928535,0.2696827491710969,-0.018500919675262593,"{'colsample_bytree': 1.0, 'learning_rate': 0.01, 'max_depth': 7, 'n_estimators': 200, 'subsample': 1.0}",0.4565632417961903
all_data,51,Fps,LR,0.37828176859947527,0.47744799149503386,0.43179323864917474,0.17823845053096998,0.25355478811820475,-0.013300266181238096,,
all_data,51,Fps,RF,0.41184767950185686,0.50096282950783,0.32648259642329314,0.09529980974473506,0.23118278667855807,-0.018081497392990222,"{'max_depth': 10, 'min_samples_leaf': 2, 'min_samples_split': 5, 'n_estimators': 50}",0.46542907712148224
all_data,51,Fps,XGB,0.4049349656785266,0.4887116362673877,0.3489023407201971,0.13900816161253038,0.20989417910766672,-0.016179092105585442,"{'colsample_bytree': 0.8, 'learning_rate': 0.1, 'max_depth': 3, 'n_estimators': 100, 'subsample': 1.0}",0.46245969981557145
all_data,52,PCs,LR,0.4614240511284748,0.5389644400791119,0.1545731603282482,-0.04716206164987957,0.20173522197812777,-0.020744984721224602,,
all_data,52,PCs,RF,0.3860229859985068,0.48189573464424035,0.40829953961616394,0.16285663444692955,0.2454429051692344,-0.015686856417161096,"{'max_depth': 10, 'min_samples_leaf': 2, 'min_samples_split': 5, 'n_estimators': 50}",0.4633394506009738
all_data,52,PCs,XGB,0.41484858568101,0.49062089095354,0.316631740460227,0.1322677297998629,0.18436401066036412,-0.019248274862200435,"{'colsample_bytree': 1.0, 'learning_rate': 0.01, 'max_depth': 7, 'n_estimators': 100, 'subsample': 1.0}",0.45589380195495144
all_data,53,Concentration + physicochemical,LR,0.4762377098559225,0.5422888490662553,0.09941825846650265,-0.060119989709085164,0.15953824817558782,-0.023198757922906835,,
all_data,53,Concentration + physicochemical,RF,0.2400030791956747,0.3749516518457945,0.7712773348475994,0.49319111779147984,0.2780862170561196,-0.02022407396203165,"{'max_depth': 10, 'min_samples_leaf': 1, 'min_samples_split': 2, 'n_estimators': 100}",0.4138743941694099
all_data,53,Concentration + physicochemical,XGB,0.17663749464070622,0.3236109979870798,0.8761085408225076,0.6224797771184911,0.25362876370401644,-0.009624095247625345,"{'colsample_bytree': 0.8, 'learning_rate': 0.1, 'max_depth': 7, 'n_estimators': 100, 'subsample': 1.0}",0.40864404174252655
all_data,54,Concentration + Fps,LR,0.37721062040164177,0.47074668619225607,0.4350065679232247,0.20114452101284974,0.23386204691037493,-0.01242605753317138,,
all_data,54,Concentration + Fps,RF,0.295133107967995,0.34584197929939814,0.6541311593313116,0.5688294485388001,0.08530171079251148,-0.017976043429734242,"{'max_depth': 10, 'min_samples_leaf': 1, 'min_samples_split': 2, 'n_estimators': 100}",0.40072472990878943
all_data,54,Concentration + Fps,XGB,0.23233753504487215,0.3119098099592473,0.7856545196448093,0.6492870976956863,0.136367421949123,-0.009909745412281764,"{'colsample_bytree': 0.8, 'learning_rate': 0.1, 'max_depth': 7, 'n_estimators': 100, 'subsample': 1.0}",0.4018699658519645
all_data,55,Concentration + PCs,LR,0.4608231213057806,0.5334631596409868,0.15677378848549606,-0.02589412088693077,0.18266790937242683,-0.01995784633832693,,
all_data,55,Concentration + PCs,RF,0.2425394989572741,0.3348348231380912,0.7664173787730838,0.5958385261723331,0.17057885260075067,-0.014564133324745761,"{'max_depth': 10, 'min_samples_leaf': 1, 'min_samples_split': 2, 'n_estimators': 100}",0.4036747190112198
all_data,55,Concentration + PCs,XGB,0.189127126406484,0.3282515371556562,0.8579689742681662,0.6115749662112236,0.24639400805694256,-0.00824691561273021,"{'colsample_bytree': 0.8, 'learning_rate': 0.1, 'max_depth': 7, 'n_estimators': 100, 'subsample': 1.0}",0.4037066971730054
all_data,56,Concentration + physicochemical + Fps,LR,0.3758929239186031,0.47162949967248635,0.4389470164057524,0.1981454487236446,0.2408015676821078,-0.012268459843174661,,
all_data,56,Concentration + physicochemical + Fps,RF,0.2925831945054914,0.3620968358046497,0.6600818689074064,0.5273462208916766,0.1327356480157298,-0.02011043787283108,"{'max_depth': 10, 'min_samples_leaf': 1, 'min_samples_split': 2, 'n_estimators': 100}",0.40868044688690625
all_data,56,Concentration + physicochemical + Fps,XGB,0.19904125066326042,0.306648051386594,0.8426880337523714,0.6610199856488563,0.1816680481035151,-0.012890469851047814,"{'colsample_bytree': 1.0, 'learning_rate': 0.1, 'max_depth': 7, 'n_estimators': 100, 'subsample': 1.0}",0.40201308689502
all_data,57,Concentration + physicochemical + PCs,LR,0.4486018519298876,0.5352664012620746,0.2009063127119678,-0.032841410761742296,0.2337477234737101,-0.020476100166782144,,
all_data,57,Concentration + physicochemical + PCs,RF,0.2434614942074622,0.35693122535725125,0.7646381105764198,0.5407356224521527,0.22390248812426716,-0.018041558914406487,"{'max_depth': 10, 'min_samples_leaf': 1, 'min_samples_split': 2, 'n_estimators': 100}",0.40817053083270616
all_data,57,Concentration + physicochemical + PCs,XGB,0.2666581040779292,0.33166357215269787,0.7176517179915538,0.6034579722243485,0.11419374576720531,-0.014740134705013659,"{'colsample_bytree': 1.0, 'learning_rate': 0.01, 'max_depth': 7, 'n_estimators': 200, 'subsample': 1.0}",0.39964170334794674
all_data,58,Concentration + physicochemical + FPs + PCs,LR,0.3758929239186031,0.47162949967248746,0.4389470164057524,0.19814544872364082,0.24080156768211158,-0.012268459843174791,,
all_data,58,Concentration + physicochemical + FPs + PCs,RF,0.25535939143168457,0.3600666967526155,0.741071863980604,0.5326313428625267,0.20844052111807732,-0.019698180710797947,"{'max_depth': 10, 'min_samples_leaf': 1, 'min_samples_split': 2, 'n_estimators': 100}",0.40490254725819885
all_data,58,Concentration + physicochemical + FPs + PCs,XGB,0.2668308734111142,0.3349078219924493,0.7172857292857985,0.5956622808202806,0.12162344846551787,-0.013692058107521164,"{'colsample_bytree': 1.0, 'learning_rate': 0.01, 'max_depth': 7, 'n_estimators': 200, 'subsample': 1.0}",0.3924708826857577
all_data,59,Concentration + Fps + PCs,LR,0.3772106204016418,0.4707466861922559,0.43500656792322456,0.2011445210128504,0.23386204691037416,-0.012426057533171327,,
all_data,59,Concentration + Fps + PCs,RF,0.256019311159498,0.3421602527113715,0.7397318500167005,0.5779607999432917,0.16177105007340875,-0.01730733981717524,"{'max_depth': 10, 'min_samples_leaf': 1, 'min_samples_split': 2, 'n_estimators': 100}",0.4026455332157117
all_data,59,Concentration + Fps + PCs,XGB,0.27258073055549475,0.3342339687464794,0.7049702047097214,0.5972877440670792,0.1076824606426422,-0.0145691982995213,"{'colsample_bytree': 1.0, 'learning_rate': 0.01, 'max_depth': 7, 'n_estimators': 200, 'subsample': 1.0}",0.3986057960295836
all_data,60,Concentration + species,LR,0.4938415472945811,0.5247566822474053,0.031608820720153696,0.0073191809491550686,0.024289639770998628,-0.02455234871264647,,
all_data,60,Concentration + species,RF,0.40281069144293347,0.5111097483171746,0.3557156921312913,0.05827954516069922,0.29743614697059206,-0.022784925127489232,"{'max_depth': 10, 'min_samples_leaf': 2, 'min_samples_split': 5, 'n_estimators': 50}",0.4652135321217894
all_data,60,Concentration + species,XGB,0.403665567724293,0.5074491680594803,0.3529780893680644,0.07172048889932692,0.2812576004687375,-0.022898947713468402,"{'colsample_bytree': 1.0, 'learning_rate': 0.01, 'max_depth': 7, 'n_estimators': 200, 'subsample': 0.8}",0.46652767195574546
all_data,61,Physicochemical + species,LR,0.4724754104741471,0.5440288285752508,0.11359132525044136,-0.06693387245414884,0.1805251977045902,-0.02482168589538068,,
all_data,61,Physicochemical + species,RF,0.35426219715499574,0.49422469568979926,0.5016606295316238,0.1194732371262186,0.3821873924054052,-0.016118123669279883,"{'max_depth': 10, 'min_samples_leaf': 2, 'min_samples_split': 5, 'n_estimators': 50}",0.4538381511869873
all_data,61,Physicochemical + species,XGB,0.3719420253305532,0.4868538709601063,0.45067915583018614,0.14554158736884482,0.3051375684613413,-0.01664218050335586,"{'colsample_bytree': 1.0, 'learning_rate': 0.01, 'max_depth': 7, 'n_estimators': 200, 'subsample': 1.0}",0.4470865306252389
all_data,62,Fps + species,LR,0.3777025268965266,0.4755295232556634,0.4335320328016923,0.18482914141129614,0.24870289139039614,-0.013548017180045958,,
all_data,62,Fps + species,RF,0.4026214351892229,0.4931655945115416,0.35632096995603035,0.1232430516085179,0.23307791834751246,-0.016284337841873445,"{'max_depth': 10, 'min_samples_leaf': 2, 'min_samples_split': 5, 'n_estimators': 50}",0.46165206326650915
all_data,62,Fps + species,XGB,0.3972869955683561,0.48292938861215334,0.3732645295127921,0.15926148080627744,0.21400304870651465,-0.014792316881451677,"{'colsample_bytree': 1.0, 'learning_rate': 0.1, 'max_depth': 3, 'n_estimators': 100, 'subsample': 1.0}",0.4569300850393972
all_data,63,PCs + species,LR,0.4570700345137953,0.5389487320731251,0.17045285039115476,-0.047101023900404604,0.21755387429155937,-0.021864234141780476,,
all_data,63,PCs + species,RF,0.3752572913651048,0.4746919947337022,0.440842886180693,0.187698059454652,0.253144826726041,-0.013395852082691386,"{'max_depth': 10, 'min_samples_leaf': 2, 'min_samples_split': 5, 'n_estimators': 50}",0.4571475231262958
all_data,63,PCs + species,XGB,0.379512639311171,0.4711187215624448,0.4280895078795859,0.1998813366145965,0.22820817126498938,-0.014594693186007344,"{'colsample_bytree': 1.0, 'learning_rate': 0.01, 'max_depth': 7, 'n_estimators': 200, 'subsample': 1.0}",0.4518585277336414
all_data,64,Concentration + physicochemical + species,LR,0.47146663639801745,0.5358816046455283,0.11737239614434725,-0.0352169481718807,0.15258934431622795,-0.024031799591166463,,
all_data,64,Concentration + physicochemical + species,RF,0.20653029847509555,0.3580510574784549,0.8306274130220961,0.5378493197498984,0.2927780932721977,-0.016441925597979364,"{'max_depth': 10, 'min_samples_leaf': 1, 'min_samples_split': 2, 'n_estimators': 100}",0.3998914564746843
all_data,64,Concentration + physicochemical + species,XGB,0.20524682994910923,0.3054973391063737,0.8327259808922572,0.6635592914602392,0.16916668943201807,-0.010587102667766832,"{'colsample_bytree': 0.8, 'learning_rate': 0.1, 'max_depth': 5, 'n_estimators': 100, 'subsample': 0.8}",0.38700933622852124
all_data,65,Concentration + Fps + species,LR,0.37665696181835207,0.46899276803247936,0.4366639120015424,0.20708621746151423,0.2295776945400282,-0.012678991258813886,,
all_data,65,Concentration + Fps + species,RF,0.278474687951486,0.3388309592779128,0.6920735270556819,0.5861339083029515,0.10593961875273039,-0.018110256305284674,"{'max_depth': 10, 'min_samples_leaf': 1, 'min_samples_split': 2, 'n_estimators': 100}",0.391831402000341
all_data,65,Concentration + Fps + species,XGB,0.19760653329173514,0.27944915015060634,0.8449477138712176,0.7184864771460318,0.12646123672518583,-0.009393729726154546,"{'colsample_bytree': 1.0, 'learning_rate': 0.1, 'max_depth': 7, 'n_estimators': 100, 'subsample': 0.8}",0.38543224275111676
all_data,66,Concentration + PCs + species,LR,0.4561432427630198,0.532178899974221,0.17381355198726434,-0.0209605897691838,0.19477414175644814,-0.020932360665877624,,
all_data,66,Concentration + PCs + species,RF,0.22169203481654925,0.3267357949366053,0.804846765021196,0.6151538856551626,0.1896928793660334,-0.014153354938669484,"{'max_depth': 10, 'min_samples_leaf': 1, 'min_samples_split': 2, 'n_estimators': 100}",0.3940848509898331
all_data,66,Concentration + PCs + species,XGB,0.18427718047374078,0.29926311149483403,0.8651600157752926,0.6771505511742946,0.188009464600998,-0.010189328764318967,"{'colsample_bytree': 1.0, 'learning_rate': 0.1, 'max_depth': 5, 'n_estimators': 100, 'subsample': 0.8}",0.3874504177366768
all_data,67,Concentration + physicochemical + Fps + species,LR,0.3754548466451183,0.4699799352674928,0.44025399146820776,0.20374474893658434,0.23650924253162342,-0.012461812181121147,,
all_data,67,Concentration + physicochemical + Fps + species,RF,0.27378797067221855,0.3527959513230765,0.7023510868196922,0.5513157134994946,0.15103537332019756,-0.019875552525741174,"{'max_depth': 10, 'min_samples_leaf': 1, 'min_samples_split': 2, 'n_estimators': 100}",0.39862752779304306
all_data,67,Concentration + physicochemical + Fps + species,XGB,0.11915959781024735,0.2982357945502483,0.9436188885414728,0.6793633159075134,0.2642555726339594,-0.006866093229959663,"{'colsample_bytree': 1.0, 'learning_rate': 0.2, 'max_depth': 7, 'n_estimators': 100, 'subsample': 1.0}",0.3869297577820883
all_data,68,Concentration + physicochemical + PCs + species,LR,0.4463799384439369,0.5337463545203316,0.20880249052525623,-0.026983624713167842,0.23578611523842408,-0.021013146535619066,,
all_data,68,Concentration + physicochemical + PCs + species,RF,0.22832347869324673,0.35585518879703876,0.7929969612228217,0.5435005268292918,0.24949643439352986,-0.018747307064166364,"{'max_depth': 10, 'min_samples_leaf': 1, 'min_samples_split': 2, 'n_estimators': 50}",0.39763173379300504
all_data,68,Concentration + physicochemical + PCs + species,XGB,0.1182241368993169,0.28150407940241373,0.9445006521655461,0.7143310353636456,0.2301696168019005,-0.008416844164040474,"{'colsample_bytree': 1.0, 'learning_rate': 0.1, 'max_depth': 7, 'n_estimators': 100, 'subsample': 0.8}",0.38103153293757824
all_data,69,Concentration + physicochemical + FPs + PCs + species,LR,0.3754548466451183,0.4699799352674916,0.4402539914682079,0.20374474893658856,0.2365092425316193,-0.01246181218112167,,
all_data,69,Concentration + physicochemical + FPs + PCs + species,RF,0.2414878972828446,0.3510457908229224,0.7684385205927742,0.5557563637865327,0.21268215680624147,-0.01888477650375206,"{'max_depth': 10, 'min_samples_leaf': 1, 'min_samples_split': 2, 'n_estimators': 100}",0.39931269962208593
all_data,69,Concentration + physicochemical + FPs + PCs + species,XGB,0.14521908147983573,0.3001926361596096,0.9162619300881863,0.6751418667037314,0.2411200633844549,-0.00694909701275593,"{'colsample_bytree': 0.8, 'learning_rate': 0.1, 'max_depth': 7, 'n_estimators': 100, 'subsample': 1.0}",0.38082109187454516
all_data,70,Concentration + Fps + PCs + species,LR,0.3766569618183521,0.4689927680324794,0.4366639120015422,0.20708621746151412,0.22957769454002808,-0.012678991258813875,,
all_data,70,Concentration + Fps + PCs + species,RF,0.2391751248910666,0.33258832257594456,0.7728526918927927,0.6012435980088773,0.17160909388391543,-0.016525325878222866,"{'max_depth': 10, 'min_samples_leaf': 1, 'min_samples_split': 2, 'n_estimators': 100}",0.3945517149182702
all_data,70,Concentration + Fps + PCs + species,XGB,0.1486619478352726,0.3023177886409061,0.9122443245637922,0.6705260523086645,0.24171827225512776,-0.0060620920991896225,"{'colsample_bytree': 1.0, 'learning_rate': 0.1, 'max_depth': 7, 'n_estimators': 100, 'subsample': 1.0}",0.38649415207140464
